number,key,year,title_plain,filename,pages,source_url
1,Alayrac2022Flamingo,2022,Flamingo: a Visual Language Model for Few-Shot Learning,[2022] [1] Flamingo a Visual Language Model for Few-Shot Learning.pdf,21,https://papers.nips.cc/paper_files/paper/2022/file/960a172bc7fbf0177ccccbb411a7d800-Paper-Conference.pdf
2,BioViL,2022,Making the Most of Text Semantics to Improve Biomedical Vision--Language Processing,[2022] [2] Making the Most of Text Semantics to Improve Biomedical Vision--Language.pdf,21,https://www.ecva.net/papers/eccv_2022/papers_ECCV/papers/136960001.pdf
3,Brodersen2010BalancedAcc,2010,The Balanced Accuracy and Its Posterior Distribution,[2010] [3] The Balanced Accuracy and Its Posterior Distribution.pdf,5,https://logongas.es/lib/exe/fetch.php?media=clase:iabd:pia:2eval:the_balanced_accuracy_and_its_posterior_distribution.pdf
4,Canziani2017PracticalDNN,2016,An Analysis of Deep Neural Network Models for Practical Applications,[2016] [4] An Analysis of Deep Neural Network Models for Practical Applications.pdf,7,https://arxiv.org/pdf/1605.07678
5,Cui2019ClassBalanced,2019,Class-Balanced Loss Based on Effective Number of Samples,[2019] [5] Class-Balanced Loss Based on Effective Number of Samples.pdf,10,https://openaccess.thecvf.com/content_CVPR_2019/papers/Cui_Class-Balanced_Loss_Based_on_Effective_Number_of_Samples_CVPR_2019_paper.pdf
7,Davis2006PR,2006,The Relationship Between Precision--Recall and ROC Curves,[2006] [7] The Relationship Between Precision--Recall and ROC Curves.pdf,8,https://ftp.cs.wisc.edu/machine-learning/shavlik-group/davis.icml06.pdf
8,Dosovitskiy2021ViT,2021,An Image Is Worth 16x16 Words: Transformers for Image Recognition at Scale,[2021] [8] An Image Is Worth 16x16 Words Transformers for Image Recognition.pdf,22,https://arxiv.org/pdf/2010.11929
9,Fawcett2006ROC,2006,An Introduction to ROC Analysis,[2006] [9] An Introduction to ROC Analysis.pdf,14,https://ccrma.stanford.edu/workshops/mir2009/references/ROCintro.pdf
10,Guo2017Calibration,2017,On Calibration of Modern Neural Networks,[2017] [10] On Calibration of Modern Neural Networks.pdf,10,https://proceedings.mlr.press/v70/guo17a/guo17a.pdf
11,ResNet,2016,Deep Residual Learning for Image Recognition,[2016] [11] Deep Residual Learning for Image Recognition.pdf,9,https://openaccess.thecvf.com/content_cvpr_2016/papers/He_Deep_Residual_Learning_CVPR_2016_paper.pdf
12,Hendrycks2017MSP,2017,A Baseline for Detecting Misclassified and Out-of-Distribution Examples in Neural Networks,[2017] [12] A Baseline for Detecting Misclassified and Out-of-Distribution Examples in Neural.pdf,12,https://arxiv.org/pdf/1610.02136
13,Hu2022LoRA,2022,LoRA: Low-Rank Adaptation of Large Language Models,[2022] [13] LoRA Low-Rank Adaptation of Large Language Models.pdf,26,https://arxiv.org/pdf/2106.09685
14,DenseNet,2017,Densely connected convolutional networks,[2017] [14] Densely connected convolutional networks.pdf,9,https://openaccess.thecvf.com/content_cvpr_2017/papers/Huang_Densely_Connected_Convolutional_CVPR_2017_paper.pdf
15,GLoRIA,2021,GLoRIA: A Multimodal Global-Local Representation Learning Framework for Label-efficient Medical Image Recognition,[2021] [15] GLoRIA A Multimodal Global-Local Representation Learning Framework for Label-efficient Medical.pdf,10,https://openaccess.thecvf.com/content/ICCV2021/papers/Huang_GLoRIA_A_Multimodal_Global-Local_Representation_Learning_Framework_for_Label-Efficient_Medical_ICCV_2021_paper.pdf
16,FPT,2024,Fine-Grained Prompt Tuning: A Parameter and Memory Efficient Transfer Learning Method for High-Resolution Medical Image Classification,[2024] [16] Fine-Grained Prompt Tuning A Parameter and Memory Efficient Transfer Learning.pdf,11,https://papers.miccai.org/miccai-2024/paper/2750_paper.pdf
17,Jaegle2021Perceiver,2021,Perceiver: General Perception with Iterative Attention,[2021] [17] Perceiver General Perception with Iterative Attention.pdf,14,https://proceedings.mlr.press/v139/jaegle21a/jaegle21a.pdf
18,BiomedCoOp,2025,BiomedCoOp: Learning to Prompt for Biomedical Vision-Language Models,[2025] [18] BiomedCoOp Learning to Prompt for Biomedical Vision-Language Models.pdf,11,https://openaccess.thecvf.com/content/CVPR2025/papers/Koleilat_BiomedCoOp_Learning_to_Prompt_for_Biomedical_Vision-Language_Models_CVPR_2025_paper.pdf
19,CLIPath,2023,CLIPath: Fine-Tune CLIP with Visual Feature Fusion for Pathology Image Analysis Towards Minimizing Data Collection Efforts,[2023] [19] CLIPath Fine-Tune CLIP with Visual Feature Fusion for Pathology Image.pdf,7,https://openaccess.thecvf.com/content/ICCV2023W/CVAMD/papers/Lai_CLIPath_Fine-Tune_CLIP_with_Visual_Feature_Fusion_for_Pathology_Image_ICCVW_2023_paper.pdf
20,LedoitWolf2004,2004,A Well-Conditioned Estimator for Large-Dimensional Covariance Matrices,[2004] [20] A Well-Conditioned Estimator for Large-Dimensional Covariance Matrices.pdf,43,https://ledoit.net/ole1a.pdf
21,Lee2018MahalanobisOOD,2018,A Simple Unified Framework for Detecting Out-of-Distribution Samples and Adversarial Attacks,[2018] [21] A Simple Unified Framework for Detecting Out-of-Distribution Samples and Adversarial.pdf,11,https://proceedings.neurips.cc/paper_files/paper/2018/file/abdeb6f575ac5c6676b747bca8d09cc2-Paper.pdf
23,li_2023_llavamed,2023,LLaVA-Med: Training a Large Language-and-Vision Assistant for Biomedicine in One Day,[2023] [23] LLaVA-Med Training a Large Language-and-Vision Assistant for Biomedicine in One.pdf,17,https://arxiv.org/pdf/2306.00890
24,Li2026MedBridge,,Adapting Foundation Vision-Language Models to Medical Diagnosis via Query-Driven Expert Bridging,[2026] [24] Adapting Foundation Vision-Language Models to Medical Diagnosis via Query-Driven Expert.pdf,14,https://arxiv.org/pdf/2505.21698
25,LCBB,2024,Less Could Be Better: Parameter-efficient Fine-tuning Advances Medical Vision Foundation Models,[2024] [25] Less Could Be Better Parameter-efficient Fine-tuning Advances Medical Vision Foundation.pdf,6,https://arxiv.org/pdf/2401.12215
26,Liang2018ODIN,2018,Enhancing the Reliability of Out-of-Distribution Image Detection in Neural Networks,[2018] [26] Enhancing the Reliability of Out-of-Distribution Image Detection in Neural Networks.pdf,15,https://arxiv.org/pdf/1706.02690
27,Liu2020EnergyOOD,2020,Energy-based Out-of-distribution Detection,[2020] [27] Energy-based Out-of-distribution Detection.pdf,12,https://proceedings.neurips.cc/paper_files/paper/2020/file/f5496252609c43eb8a3d147ab9b9c006-Paper.pdf
28,Marr1980EdgeDetection,1980,Theory of Edge Detection,[1980] [28] Theory of Edge Detection.pdf,31,https://www.hms.harvard.edu/bss/neuro/bornlab/qmbc/beta/day4/marr-hildreth-edge-prsl1980.pdf
29,XMei,2020,Artificial intelligence–enabled rapid diagnosis of patients with COVID-19,[2020] [29] Artificial intelligence–enabled rapid diagnosis of patients with COVID-19.pdf,14,https://www.nature.com/articles/s41591-020-0931-3.pdf
30,moor_2023_medflamingo,2023,Med-Flamingo: a Multimodal Medical Few-shot Learner,[2023] [30] Med-Flamingo a Multimodal Medical Few-shot Learner.pdf,15,https://arxiv.org/pdf/2307.15189
32,Pertuz2013FocusMeasures,2013,Analysis of Focus Measure Operators for Shape-from-Focus,[2013] [32] Analysis of Focus Measure Operators for Shape-from-Focus.pdf,19,https://isp-utb.github.io/seminario/papers/Pattern_Recognition_Pertuz_2013.pdf
33,FTB,2024,Freeze the Backbones: a Parameter-Efficient Contrastive Approach to Robust Medical Vision-Language Pre-Training,[2024] [33] Freeze the Backbones a Parameter-Efficient Contrastive Approach to Robust Medical.pdf,5,https://arxiv.org/pdf/2401.01179
34,CLIP,2021,Learning Transferable Visual Models From Natural Language Supervision,[2021] [34] Learning Transferable Visual Models From Natural Language Supervision.pdf,16,https://proceedings.mlr.press/v139/radford21a/radford21a.pdf
35,Reddi2020MLPerfInference,2020,MLPerf Inference Benchmark,[2020] [35] MLPerf Inference Benchmark.pdf,15,https://arxiv.org/pdf/1911.02549
36,Rousseeuw1987Silhouettes,1987,Silhouettes: A Graphical Aid to the Interpretation and Validation of Cluster Analysis,[1987] [36] Silhouettes A Graphical Aid to the Interpretation and Validation of.pdf,13,https://wis.kuleuven.be/statdatascience/robust/papers/publications-1987/rousseeuw-silhouettes-jcam-sciencedirectopenarchiv.pdf
37,russell2008labelme,2008,LabelMe: a database and web-based tool for image annotation,[2008] [37] LabelMe a database and web-based tool for image annotation.pdf,12,https://publications.csail.mit.edu/tmp/MIT-CSAIL-TR-2005-056.pdf
38,Shannon1948Information,1948,A Mathematical Theory of Communication,[1948] [38] A Mathematical Theory of Communication.pdf,55,https://people.math.harvard.edu/~ctm/home/text/others/shannon/entropy/entropy.pdf
39,Snell2017ProtoNet,2017,Prototypical Networks for Few-shot Learning,[2017] [39] Prototypical Networks for Few-shot Learning.pdf,11,https://papers.nips.cc/paper_files/paper/2017/file/cb8da6767461f2812ae4290eac7cbc42-Paper.pdf
40,Sundararajan2017IntegratedGradients,2017,Axiomatic Attribution for Deep Networks,[2017] [40] Axiomatic Attribution for Deep Networks.pdf,10,https://proceedings.mlr.press/v70/sundararajan17a/sundararajan17a.pdf
41,MED-PALM-M,2023,Towards Generalist Biomedical AI,[2023] [41] Towards Generalist Biomedical AI.pdf,37,https://arxiv.org/pdf/2307.14334
42,TieNet,2018,TieNet: Text-Image Embedding Network for Common Thorax Disease Classification and Reporting in Chest X-Rays,[2018] [42] TieNet Text-Image Embedding Network for Common Thorax Disease Classification and.pdf,10,https://openaccess.thecvf.com/content_cvpr_2018/papers/Wang_TieNet_Text-Image_Embedding_CVPR_2018_paper.pdf
43,MedCLIP,2022,MedCLIP: Contrastive Learning from Unpaired Medical Images and Text,[2022] [43] MedCLIP Contrastive Learning from Unpaired Medical Images and Text.pdf,12,https://aclanthology.org/2022.emnlp-main.256.pdf
44,CenterLoss,2016,A discriminative feature learning approach for deep face recognition,[2016] [44] A discriminative feature learning approach for deep face recognition.pdf,17,https://ydwen.github.io/papers/WenECCV16.pdf
45,Yao2025,2025,"A Radiograph Dataset for the Classification, Localization, and Segmentation of Primary Bone Tumors","[2025] [45] A Radiograph Dataset for the Classification, Localization, and Segmentation of.pdf",10,https://www.nature.com/articles/s41597-024-04311-y.pdf
46,PLIP,2025,Disease-Informed Adaptation of Vision-Language Models,[2025] [46] Disease-Informed Adaptation of Vision-Language Models.pdf,11,https://papers.miccai.org/miccai-2024/paper/0383_paper.pdf
47,BiomedCLIP,2024,A Multimodal Biomedical Foundation Model Trained from Fifteen Million Image–Text Pairs,[2024] [47] A Multimodal Biomedical Foundation Model Trained from Fifteen Million Image–Text.pdf,23,https://arxiv.org/pdf/2303.00915
48,ConVIRT,2021,Contrastive Learning of Medical Visual Representations from Paired Images and Text,[2021] [48] Contrastive Learning of Medical Visual Representations from Paired Images and.pdf,24,https://arxiv.org/pdf/2010.00747
49,IRENE,2023,A transformer-based representation-learning model with unified processing of multimodal input for clinical diagnostics,[2023] [49] A transformer-based representation-learning model with unified processing of multimodal input.pdf,17,https://www.nature.com/articles/s41551-023-01045-x.pdf
